match_id,season,city,venue,team1,team2,toss_winner,toss_decision,result,winner,win_by_runs,win_by_wickets,player_of_match
1,2021,Mumbai,Eden Gardens,Kolkata Knight Riders,Royal Challengers Bangalore,Royal Challengers Bangalore,field,runs,Kolkata Knight Riders,0,5,Sunil Narine
2,2018,Chennai,Eden Gardens,Mumbai Indians,Punjab Kings,Punjab Kings,field,wickets,Mumbai Indians,0,7,Jasprit Bumrah
3,2022,Kolkata,M.A. Chidambaram Stadium,Mumbai Indians,Rajasthan Royals,Rajasthan Royals,field,wickets,Rajasthan Royals,39,0,Yuzvendra Chahal
4,2019,Chandigarh,Wankhede Stadium,Delhi Capitals,Kolkata Knight Riders,Kolkata Knight Riders,bat,wickets,Kolkata Knight Riders,0,3,Andre Russell
5,2021,Chandigarh,Feroz Shah Kotla,Royal Challengers Bangalore,Chennai Super Kings,Royal Challengers Bangalore,bat,runs,Chennai Super Kings,99,0,Ambati Rayudu
6,2017,Jaipur,Punjab Cricket Association Stadium,Royal Challengers Bangalore,Rajasthan Royals,Royal Challengers Bangalore,bat,runs,Royal Challengers Bangalore,0,3,Faf du Plessis
7,2021,Jaipur,Feroz Shah Kotla,Delhi Capitals,Chennai Super Kings,Chennai Super Kings,field,wickets,Chennai Super Kings,79,0,Deepak Chahar
8,2022,Chennai,Feroz Shah Kotla,Kolkata Knight Riders,Chennai Super Kings,Chennai Super Kings,bat,wickets,Chennai Super Kings,0,5,Ambati Rayudu
9,2019,Chennai,Punjab Cricket Association Stadium,Royal Challengers Bangalore,Chennai Super Kings,Royal Challengers Bangalore,bat,runs,Chennai Super Kings,0,5,Ruturaj Gaikwad
10,2018,Jaipur,M.A. Chidambaram Stadium,Mumbai Indians,Rajasthan Royals,Rajasthan Royals,bat,wickets,Mumbai Indians,0,7,Jasprit Bumrah
11,2022,Delhi,M. Chinnaswamy Stadium,Mumbai Indians,Punjab Kings,Punjab Kings,field,wickets,Punjab Kings,91,0,KL Rahul
12,2022,Delhi,Sawai Mansingh Stadium,Punjab Kings,Royal Challengers Bangalore,Punjab Kings,field,wickets,Royal Challengers Bangalore,23,0,Dinesh Karthik
13,2017,Kolkata,Eden Gardens,Chennai Super Kings,Kolkata Knight Riders,Kolkata Knight Riders,field,wickets,Chennai Super Kings,59,0,Ravindra Jadeja
14,2020,Hyderabad,Wankhede Stadium,Royal Challengers Bangalore,Punjab Kings,Punjab Kings,field,wickets,Royal Challengers Bangalore,0,8,Dinesh Karthik
15,2019,Kolkata,Rajiv Gandhi Stadium,Kolkata Knight Riders,Chennai Super Kings,Chennai Super Kings,field,runs,Chennai Super Kings,0,3,MS Dhoni
16,2016,Hyderabad,M. Chinnaswamy Stadium,Delhi Capitals,Kolkata Knight Riders,Delhi Capitals,bat,wickets,Kolkata Knight Riders,46,0,Shubman Gill
17,2022,Chennai,Punjab Cricket Association Stadium,Delhi Capitals,Mumbai Indians,Delhi Capitals,field,runs,Mumbai Indians,0,4,Hardik Pandya
18,2020,Mumbai,Sawai Mansingh Stadium,Kolkata Knight Riders,Rajasthan Royals,Kolkata Knight Riders,field,wickets,Kolkata Knight Riders,0,3,Shubman Gill
19,2016,Kolkata,M. Chinnaswamy Stadium,Rajasthan Royals,Mumbai Indians,Mumbai Indians,field,runs,Mumbai Indians,72,0,Suryakumar Yadav
20,2019,Kolkata,Punjab Cricket Association Stadium,Sunrisers Hyderabad,Punjab Kings,Punjab Kings,field,wickets,Sunrisers Hyderabad,62,0,Bhuvneshwar Kumar
21,2015,Hyderabad,Eden Gardens,Chennai Super Kings,Delhi Capitals,Chennai Super Kings,field,runs,Chennai Super Kings,35,0,MS Dhoni
22,2020,Bangalore,M.A. Chidambaram Stadium,Delhi Capitals,Rajasthan Royals,Rajasthan Royals,field,runs,Delhi Capitals,19,0,Prithvi Shaw
23,2023,Chennai,M. Chinnaswamy Stadium,Royal Challengers Bangalore,Punjab Kings,Punjab Kings,field,runs,Punjab Kings,0,6,Jonny Bairstow
24,2015,Chennai,Punjab Cricket Association Stadium,Chennai Super Kings,Royal Challengers Bangalore,Royal Challengers Bangalore,field,runs,Chennai Super Kings,0,9,Ambati Rayudu
25,2017,Chandigarh,Eden Gardens,Royal Challengers Bangalore,Kolkata Knight Riders,Kolkata Knight Riders,field,wickets,Royal Challengers Bangalore,84,0,
26,2021,Bangalore,Eden Gardens,Rajasthan Royals,Mumbai Indians,Mumbai Indians,field,wickets,Rajasthan Royals,25,0,Sanju Samson
27,2018,Hyderabad,M.A. Chidambaram Stadium,Mumbai Indians,Sunrisers Hyderabad,Mumbai Indians,bat,wickets,Sunrisers Hyderabad,0,5,David Warner
28,2023,Chennai,Feroz Shah Kotla,Chennai Super Kings,Sunrisers Hyderabad,Sunrisers Hyderabad,field,runs,Chennai Super Kings,0,7,Ambati Rayudu
29,2017,Bangalore,M. Chinnaswamy Stadium,Punjab Kings,Kolkata Knight Riders,Punjab Kings,bat,runs,Kolkata Knight Riders,0,5,Sunil Narine
30,2019,,M. Chinnaswamy Stadium,Delhi Capitals,Chennai Super Kings,Chennai Super Kings,field,runs,Chennai Super Kings,26,0,Deepak Chahar
31,2017,Bangalore,Feroz Shah Kotla,Chennai Super Kings,Mumbai Indians,Chennai Super Kings,field,runs,Mumbai Indians,87,0,Jasprit Bumrah
32,2021,Delhi,Wankhede Stadium,Chennai Super Kings,Royal Challengers Bangalore,Royal Challengers Bangalore,field,wickets,Chennai Super Kings,22,0,Ambati Rayudu
33,2019,Chandigarh,Wankhede Stadium,Chennai Super Kings,Mumbai Indians,Chennai Super Kings,field,runs,Mumbai Indians,0,5,Ishan Kishan
34,2023,Jaipur,Feroz Shah Kotla,Sunrisers Hyderabad,Kolkata Knight Riders,Kolkata Knight Riders,bat,runs,Kolkata Knight Riders,83,0,Sunil Narine
35,2021,Mumbai,Sawai Mansingh Stadium,Chennai Super Kings,Delhi Capitals,Chennai Super Kings,bat,runs,Delhi Capitals,51,0,Axar Patel
36,2016,Kolkata,Rajiv Gandhi Stadium,Royal Challengers Bangalore,Sunrisers Hyderabad,Sunrisers Hyderabad,field,runs,Sunrisers Hyderabad,0,3,David Warner
37,2018,Chandigarh,Eden Gardens,Mumbai Indians,Royal Challengers Bangalore,Mumbai Indians,bat,wickets,Mumbai Indians,0,5,Jasprit Bumrah
38,2023,Mumbai,Rajiv Gandhi Stadium,Rajasthan Royals,Sunrisers Hyderabad,Sunrisers Hyderabad,bat,wickets,Rajasthan Royals,0,2,Yuzvendra Chahal
39,2016,Kolkata,Eden Gardens,Kolkata Knight Riders,Sunrisers Hyderabad,Kolkata Knight Riders,field,runs,Sunrisers Hyderabad,0,6,Nicholas Pooran
40,2023,Delhi,Feroz Shah Kotla,Chennai Super Kings,Royal Challengers Bangalore,Chennai Super Kings,field,runs,Royal Challengers Bangalore,28,0,Virat Kohli
41,2019,Bangalore,Wankhede Stadium,Delhi Capitals,Sunrisers Hyderabad,Sunrisers Hyderabad,field,runs,Delhi Capitals,0,5,Anrich Nortje
42,2016,Chennai,Sawai Mansingh Stadium,Chennai Super Kings,Rajasthan Royals,Rajasthan Royals,bat,runs,Rajasthan Royals,45,0,Sanju Samson
43,2018,Jaipur,Wankhede Stadium,Delhi Capitals,Royal Challengers Bangalore,Delhi Capitals,field,runs,Royal Challengers Bangalore,0,7,Virat Kohli
44,2021,Hyderabad,Rajiv Gandhi Stadium,Royal Challengers Bangalore,Kolkata Knight Riders,Kolkata Knight Riders,field,tie,Royal Challengers Bangalore,0,5,Dinesh Karthik
45,2022,Jaipur,Wankhede Stadium,Delhi Capitals,Royal Challengers Bangalore,Delhi Capitals,field,wickets,Delhi Capitals,0,1,Rishabh Pant
46,2017,Delhi,Feroz Shah Kotla,Punjab Kings,Royal Challengers Bangalore,Punjab Kings,field,wickets,Royal Challengers Bangalore,0,8,Glenn Maxwell
47,2015,,Sawai Mansingh Stadium,Kolkata Knight Riders,Punjab Kings,Kolkata Knight Riders,bat,runs,Kolkata Knight Riders,0,4,Sunil Narine
48,2018,Hyderabad,Rajiv Gandhi Stadium,Mumbai Indians,Chennai Super Kings,Chennai Super Kings,field,runs,Chennai Super Kings,47,0,Ruturaj Gaikwad
49,2016,Chennai,Sawai Mansingh Stadium,Delhi Capitals,Punjab Kings,Delhi Capitals,field,wickets,Delhi Capitals,14,0,Mitchell Marsh
50,2022,Delhi,M. Chinnaswamy Stadium,Delhi Capitals,Punjab Kings,Delhi Capitals,field,wickets,Punjab Kings,38,0,KL Rahul
51,2018,Hyderabad,Eden Gardens,Mumbai Indians,Punjab Kings,Punjab Kings,field,wickets,Punjab Kings,0,3,Liam Livingstone
52,2016,Delhi,Wankhede Stadium,Kolkata Knight Riders,Royal Challengers Bangalore,Royal Challengers Bangalore,field,runs,Royal Challengers Bangalore,0,3,Faf du Plessis
53,2020,Bangalore,Sawai Mansingh Stadium,Chennai Super Kings,Rajasthan Royals,Rajasthan Royals,field,wickets,Chennai Super Kings,0,4,Ambati Rayudu
54,2020,Delhi,M.A. Chidambaram Stadium,Delhi Capitals,Kolkata Knight Riders,Kolkata Knight Riders,field,runs,Delhi Capitals,40,0,Mitchell Marsh
55,2018,Chennai,M. Chinnaswamy Stadium,Mumbai Indians,Delhi Capitals,Mumbai Indians,field,wickets,Delhi Capitals,0,7,Rishabh Pant
56,2020,Chandigarh,Wankhede Stadium,Punjab Kings,Mumbai Indians,Punjab Kings,field,wickets,Mumbai Indians,0,4,Jasprit Bumrah
57,2016,Kolkata,Eden Gardens,Punjab Kings,Royal Challengers Bangalore,Punjab Kings,field,wickets,Punjab Kings,9,0,Shikhar Dhawan
58,2016,Hyderabad,Sawai Mansingh Stadium,Royal Challengers Bangalore,Kolkata Knight Riders,Royal Challengers Bangalore,field,runs,Kolkata Knight Riders,0,1,Venkatesh Iyer
59,2018,Bangalore,Rajiv Gandhi Stadium,Mumbai Indians,Kolkata Knight Riders,Kolkata Knight Riders,field,wickets,Kolkata Knight Riders,0,8,Sunil Narine
60,2022,Chennai,Eden Gardens,Royal Challengers Bangalore,Sunrisers Hyderabad,Royal Challengers Bangalore,field,runs,Royal Challengers Bangalore,0,7,Glenn Maxwell
61,2021,Delhi,M.A. Chidambaram Stadium,Punjab Kings,Chennai Super Kings,Punjab Kings,field,runs,Chennai Super Kings,89,0,MS Dhoni
62,2023,Bangalore,Sawai Mansingh Stadium,Kolkata Knight Riders,Sunrisers Hyderabad,Sunrisers Hyderabad,field,runs,Kolkata Knight Riders,14,0,Venkatesh Iyer
63,2022,Chennai,Punjab Cricket Association Stadium,Chennai Super Kings,Royal Challengers Bangalore,Chennai Super Kings,field,wickets,Chennai Super Kings,0,2,Ravindra Jadeja
64,2019,Chandigarh,Punjab Cricket Association Stadium,Mumbai Indians,Kolkata Knight Riders,Mumbai Indians,field,runs,Kolkata Knight Riders,0,1,Venkatesh Iyer
65,2016,Bangalore,Feroz Shah Kotla,Rajasthan Royals,Royal Challengers Bangalore,Rajasthan Royals,bat,runs,Royal Challengers Bangalore,99,0,Glenn Maxwell
66,2019,Bangalore,Wankhede Stadium,Punjab Kings,Delhi Capitals,Punjab Kings,bat,wickets,Delhi Capitals,59,0,Mitchell Marsh
67,2022,Kolkata,Rajiv Gandhi Stadium,Punjab Kings,Delhi Capitals,Punjab Kings,bat,runs,Punjab Kings,0,2,KL Rahul
68,2023,Jaipur,Feroz Shah Kotla,Rajasthan Royals,Chennai Super Kings,Rajasthan Royals,field,wickets,Rajasthan Royals,94,0,Trent Boult
69,2023,,Sawai Mansingh Stadium,Sunrisers Hyderabad,Kolkata Knight Riders,Kolkata Knight Riders,bat,runs,Sunrisers Hyderabad,0,4,Nicholas Pooran
70,2015,Kolkata,Punjab Cricket Association Stadium,Punjab Kings,Chennai Super Kings,Chennai Super Kings,bat,runs,Chennai Super Kings,68,0,MS Dhoni
71,2023,Mumbai,Punjab Cricket Association Stadium,Delhi Capitals,Sunrisers Hyderabad,Delhi Capitals,bat,wickets,Delhi Capitals,68,0,Prithvi Shaw
72,2021,Hyderabad,Punjab Cricket Association Stadium,Kolkata Knight Riders,Rajasthan Royals,Kolkata Knight Riders,bat,runs,Kolkata Knight Riders,0,9,Pat Cummins
73,2023,Kolkata,Sawai Mansingh Stadium,Mumbai Indians,Sunrisers Hyderabad,Sunrisers Hyderabad,bat,wickets,Mumbai Indians,8,0,Rohit Sharma
74,2022,Delhi,Punjab Cricket Association Stadium,Rajasthan Royals,Sunrisers Hyderabad,Rajasthan Royals,field,wickets,Rajasthan Royals,2,0,
75,2015,Hyderabad,Eden Gardens,Delhi Capitals,Mumbai Indians,Delhi Capitals,field,wickets,Delhi Capitals,86,0,Axar Patel
76,2022,Hyderabad,M. Chinnaswamy Stadium,Rajasthan Royals,Delhi Capitals,Rajasthan Royals,bat,wickets,Rajasthan Royals,0,1,Yuzvendra Chahal
77,2022,Chennai,Sawai Mansingh Stadium,Mumbai Indians,Chennai Super Kings,Chennai Super Kings,bat,runs,Mumbai Indians,0,1,Ishan Kishan
78,2017,Delhi,Rajiv Gandhi Stadium,Royal Challengers Bangalore,Delhi Capitals,Royal Challengers Bangalore,bat,runs,Delhi Capitals,0,1,Anrich Nortje
79,2015,Mumbai,M. Chinnaswamy Stadium,Mumbai Indians,Royal Challengers Bangalore,Royal Challengers Bangalore,bat,wickets,Royal Challengers Bangalore,93,0,Virat Kohli
80,2022,Jaipur,Feroz Shah Kotla,Sunrisers Hyderabad,Rajasthan Royals,Sunrisers Hyderabad,field,wickets,Sunrisers Hyderabad,0,3,David Warner
81,2017,Bangalore,Rajiv Gandhi Stadium,Mumbai Indians,Royal Challengers Bangalore,Royal Challengers Bangalore,field,wickets,Royal Challengers Bangalore,48,0,Harshal Patel
82,2017,Chandigarh,M. Chinnaswamy Stadium,Mumbai Indians,Chennai Super Kings,Chennai Super Kings,bat,wickets,Mumbai Indians,30,0,Rohit Sharma
83,2015,,M.A. Chidambaram Stadium,Sunrisers Hyderabad,Rajasthan Royals,Sunrisers Hyderabad,field,wickets,Sunrisers Hyderabad,0,5,David Warner
84,2019,Chennai,Punjab Cricket Association Stadium,Kolkata Knight Riders,Chennai Super Kings,Chennai Super Kings,bat,wickets,Kolkata Knight Riders,35,0,Pat Cummins
85,2021,Kolkata,M.A. Chidambaram Stadium,Punjab Kings,Delhi Capitals,Punjab Kings,field,runs,Delhi Capitals,0,2,Prithvi Shaw
86,2023,Mumbai,Wankhede Stadium,Mumbai Indians,Kolkata Knight Riders,Kolkata Knight Riders,field,wickets,Kolkata Knight Riders,64,0,Shubman Gill
87,2021,Bangalore,Wankhede Stadium,Sunrisers Hyderabad,Mumbai Indians,Sunrisers Hyderabad,field,wickets,Mumbai Indians,0,6,Hardik Pandya
88,2023,Mumbai,M. Chinnaswamy Stadium,Delhi Capitals,Chennai Super Kings,Delhi Capitals,bat,runs,Delhi Capitals,0,3,Rishabh Pant
89,2022,Hyderabad,M.A. Chidambaram Stadium,Royal Challengers Bangalore,Mumbai Indians,Mumbai Indians,field,wickets,Royal Challengers Bangalore,0,6,Harshal Patel
90,2016,Chandigarh,Sawai Mansingh Stadium,Royal Challengers Bangalore,Punjab Kings,Royal Challengers Bangalore,bat,wickets,Royal Challengers Bangalore,0,5,Virat Kohli
91,2015,Mumbai,Rajiv Gandhi Stadium,Mumbai Indians,Chennai Super Kings,Mumbai Indians,bat,wickets,Chennai Super Kings,48,0,Ambati Rayudu
92,2021,Kolkata,M.A. Chidambaram Stadium,Kolkata Knight Riders,Rajasthan Royals,Rajasthan Royals,bat,runs,Kolkata Knight Riders,20,0,Andre Russell
93,2021,Delhi,Wankhede Stadium,Kolkata Knight Riders,Punjab Kings,Kolkata Knight Riders,bat,runs,Kolkata Knight Riders,67,0,Andre Russell
94,2022,Delhi,M.A. Chidambaram Stadium,Delhi Capitals,Rajasthan Royals,Delhi Capitals,field,wickets,Rajasthan Royals,0,3,
95,2019,Hyderabad,Sawai Mansingh Stadium,Mumbai Indians,Kolkata Knight Riders,Kolkata Knight Riders,field,wickets,Mumbai Indians,0,8,Jasprit Bumrah
96,2017,Jaipur,M.A. Chidambaram Stadium,Royal Challengers Bangalore,Punjab Kings,Punjab Kings,bat,runs,Punjab Kings,0,9,Shikhar Dhawan
97,2022,Kolkata,Rajiv Gandhi Stadium,Kolkata Knight Riders,Sunrisers Hyderabad,Kolkata Knight Riders,field,runs,Sunrisers Hyderabad,61,0,Rashid Khan
98,2020,Kolkata,Feroz Shah Kotla,Mumbai Indians,Chennai Super Kings,Mumbai Indians,field,wickets,Mumbai Indians,9,0,Hardik Pandya
99,2017,Mumbai,Sawai Mansingh Stadium,Rajasthan Royals,Chennai Super Kings,Chennai Super Kings,field,runs,Chennai Super Kings,0,2,Ruturaj Gaikwad
100,2015,Chandigarh,Wankhede Stadium,Kolkata Knight Riders,Delhi Capitals,Delhi Capitals,field,wickets,Kolkata Knight Riders,0,8,Shubman Gill
101,2017,Kolkata,Rajiv Gandhi Stadium,Sunrisers Hyderabad,Mumbai Indians,Sunrisers Hyderabad,field,tie,Sunrisers Hyderabad,81,0,Rashid Khan
102,2019,Chennai,M.A. Chidambaram Stadium,Rajasthan Royals,Mumbai Indians,Mumbai Indians,field,runs,Rajasthan Royals,98,0,Sanju Samson
103,2017,Jaipur,M.A. Chidambaram Stadium,Punjab Kings,Royal Challengers Bangalore,Punjab Kings,field,wickets,Royal Challengers Bangalore,88,0,Virat Kohli
104,2015,Mumbai,Feroz Shah Kotla,Kolkata Knight Riders,Sunrisers Hyderabad,Kolkata Knight Riders,bat,runs,Kolkata Knight Riders,96,0,Sunil Narine
105,2019,Chennai,Wankhede Stadium,Royal Challengers Bangalore,Delhi Capitals,Royal Challengers Bangalore,field,runs,Royal Challengers Bangalore,0,3,Dinesh Karthik
106,2021,Hyderabad,Wankhede Stadium,Chennai Super Kings,Punjab Kings,Chennai Super Kings,field,wickets,Chennai Super Kings,0,1,Ambati Rayudu
107,2021,Delhi,Eden Gardens,Rajasthan Royals,Punjab Kings,Rajasthan Royals,bat,runs,Punjab Kings,45,0,Jonny Bairstow
108,2023,Hyderabad,Wankhede Stadium,Punjab Kings,Rajasthan Royals,Rajasthan Royals,field,tie,Rajasthan Royals,87,0,Jos Buttler
109,2017,Delhi,Feroz Shah Kotla,Delhi Capitals,Rajasthan Royals,Rajasthan Royals,bat,wickets,Delhi Capitals,0,5,Mitchell Marsh
110,2021,Hyderabad,Punjab Cricket Association Stadium,Delhi Capitals,Rajasthan Royals,Rajasthan Royals,bat,runs,Rajasthan Royals,40,0,Trent Boult
111,2015,Kolkata,Eden Gardens,Royal Challengers Bangalore,Chennai Super Kings,Chennai Super Kings,bat,runs,Royal Challengers Bangalore,76,0,Faf du Plessis
112,2018,Chennai,Eden Gardens,Kolkata Knight Riders,Delhi Capitals,Kolkata Knight Riders,bat,runs,Kolkata Knight Riders,54,0,Andre Russell
113,2018,Delhi,M.A. Chidambaram Stadium,Mumbai Indians,Punjab Kings,Mumbai Indians,field,runs,Mumbai Indians,76,0,Rohit Sharma
114,2019,Mumbai,M.A. Chidambaram Stadium,Kolkata Knight Riders,Rajasthan Royals,Kolkata Knight Riders,field,runs,Kolkata Knight Riders,0,5,Shubman Gill
115,2021,Chennai,Wankhede Stadium,Royal Challengers Bangalore,Chennai Super Kings,Royal Challengers Bangalore,field,runs,Royal Challengers Bangalore,47,0,Faf du Plessis
116,2021,Mumbai,Eden Gardens,Delhi Capitals,Sunrisers Hyderabad,Sunrisers Hyderabad,field,wickets,Delhi Capitals,15,0,Prithvi Shaw
117,2018,Chennai,M. Chinnaswamy Stadium,Kolkata Knight Riders,Chennai Super Kings,Kolkata Knight Riders,bat,wickets,Kolkata Knight Riders,19,0,Andre Russell
118,2021,Chennai,M.A. Chidambaram Stadium,Delhi Capitals,Rajasthan Royals,Delhi Capitals,field,wickets,Delhi Capitals,26,0,Mitchell Marsh
119,2017,Hyderabad,Feroz Shah Kotla,Rajasthan Royals,Royal Challengers Bangalore,Royal Challengers Bangalore,field,wickets,Royal Challengers Bangalore,52,0,Faf du Plessis
120,2020,Delhi,M. Chinnaswamy Stadium,Punjab Kings,Royal Challengers Bangalore,Royal Challengers Bangalore,field,runs,Royal Challengers Bangalore,0,8,Glenn Maxwell
121,2016,Delhi,M.A. Chidambaram Stadium,Mumbai Indians,Punjab Kings,Punjab Kings,bat,runs,Mumbai Indians,22,0,Suryakumar Yadav
122,2023,Chandigarh,Sawai Mansingh Stadium,Rajasthan Royals,Royal Challengers Bangalore,Royal Challengers Bangalore,field,wickets,Royal Challengers Bangalore,21,0,Harshal Patel
123,2019,Chennai,Sawai Mansingh Stadium,Delhi Capitals,Punjab Kings,Delhi Capitals,field,wickets,Punjab Kings,51,0,KL Rahul
124,2020,Kolkata,M.A. Chidambaram Stadium,Delhi Capitals,Punjab Kings,Delhi Capitals,field,runs,Punjab Kings,38,0,Shikhar Dhawan
125,2018,,Eden Gardens,Chennai Super Kings,Rajasthan Royals,Rajasthan Royals,field,wickets,Chennai Super Kings,20,0,Ruturaj Gaikwad
126,2021,Mumbai,Punjab Cricket Association Stadium,Chennai Super Kings,Kolkata Knight Riders,Chennai Super Kings,field,wickets,Chennai Super Kings,0,3,Deepak Chahar
127,2023,Mumbai,Punjab Cricket Association Stadium,Rajasthan Royals,Punjab Kings,Rajasthan Royals,field,wickets,Rajasthan Royals,51,0,
128,2021,Hyderabad,Eden Gardens,Sunrisers Hyderabad,Kolkata Knight Riders,Sunrisers Hyderabad,field,runs,Sunrisers Hyderabad,0,3,Nicholas Pooran
129,2015,Chennai,Rajiv Gandhi Stadium,Rajasthan Royals,Delhi Capitals,Delhi Capitals,bat,wickets,Rajasthan Royals,0,2,Shimron Hetmyer
130,2015,Mumbai,Punjab Cricket Association Stadium,Chennai Super Kings,Royal Challengers Bangalore,Chennai Super Kings,field,wickets,Royal Challengers Bangalore,71,0,Harshal Patel
131,2023,Mumbai,Sawai Mansingh Stadium,Delhi Capitals,Chennai Super Kings,Chennai Super Kings,field,wickets,Delhi Capitals,92,0,Anrich Nortje
132,2023,Jaipur,Feroz Shah Kotla,Royal Challengers Bangalore,Rajasthan Royals,Royal Challengers Bangalore,field,wickets,Rajasthan Royals,0,2,Jos Buttler
133,2018,Chennai,Eden Gardens,Rajasthan Royals,Royal Challengers Bangalore,Rajasthan Royals,bat,wickets,Rajasthan Royals,0,8,Sanju Samson
134,2023,Bangalore,Wankhede Stadium,Delhi Capitals,Royal Challengers Bangalore,Delhi Capitals,bat,wickets,Delhi Capitals,22,0,Prithvi Shaw
135,2017,Hyderabad,Sawai Mansingh Stadium,Royal Challengers Bangalore,Punjab Kings,Punjab Kings,field,runs,Punjab Kings,0,7,Kagiso Rabada
136,2021,Mumbai,Feroz Shah Kotla,Royal Challengers Bangalore,Mumbai Indians,Royal Challengers Bangalore,bat,wickets,Mumbai Indians,0,2,Hardik Pandya
137,2020,Hyderabad,Feroz Shah Kotla,Chennai Super Kings,Punjab Kings,Punjab Kings,field,wickets,Punjab Kings,0,6,Jonny Bairstow
138,2022,Delhi,Eden Gardens,Rajasthan Royals,Delhi Capitals,Delhi Capitals,bat,wickets,Delhi Capitals,0,2,Anrich Nortje
139,2023,Hyderabad,Feroz Shah Kotla,Kolkata Knight Riders,Delhi Capitals,Delhi Capitals,bat,runs,Delhi Capitals,0,2,Axar Patel
140,2019,Bangalore,Eden Gardens,Mumbai Indians,Royal Challengers Bangalore,Mumbai Indians,field,runs,Mumbai Indians,0,8,Rohit Sharma
141,2015,Kolkata,Punjab Cricket Association Stadium,Chennai Super Kings,Punjab Kings,Chennai Super Kings,field,wickets,Chennai Super Kings,0,2,MS Dhoni
142,2017,Bangalore,M.A. Chidambaram Stadium,Chennai Super Kings,Mumbai Indians,Chennai Super Kings,bat,wickets,Chennai Super Kings,91,0,Deepak Chahar
143,2022,Kolkata,Sawai Mansingh Stadium,Kolkata Knight Riders,Mumbai Indians,Kolkata Knight Riders,bat,wickets,Kolkata Knight Riders,55,0,Pat Cummins
144,2020,Hyderabad,Rajiv Gandhi Stadium,Mumbai Indians,Punjab Kings,Punjab Kings,bat,wickets,Mumbai Indians,1,0,Suryakumar Yadav
145,2022,Kolkata,M.A. Chidambaram Stadium,Delhi Capitals,Rajasthan Royals,Rajasthan Royals,field,wickets,Delhi Capitals,0,7,Axar Patel
146,2023,Delhi,Sawai Mansingh Stadium,Sunrisers Hyderabad,Chennai Super Kings,Chennai Super Kings,bat,wickets,Chennai Super Kings,0,8,Deepak Chahar
147,2018,Chennai,Eden Gardens,Rajasthan Royals,Sunrisers Hyderabad,Rajasthan Royals,field,wickets,Rajasthan Royals,38,0,Shimron Hetmyer
148,2015,Kolkata,Sawai Mansingh Stadium,Sunrisers Hyderabad,Kolkata Knight Riders,Kolkata Knight Riders,field,wickets,Kolkata Knight Riders,0,6,Shubman Gill
149,2015,Kolkata,Punjab Cricket Association Stadium,Delhi Capitals,Mumbai Indians,Delhi Capitals,bat,wickets,Delhi Capitals,0,7,Anrich Nortje
150,2018,Hyderabad,Eden Gardens,Punjab Kings,Mumbai Indians,Mumbai Indians,field,runs,Punjab Kings,25,0,Shikhar Dhawan
151,2021,Delhi,M.A. Chidambaram Stadium,Chennai Super Kings,Sunrisers Hyderabad,Chennai Super Kings,field,wickets,Chennai Super Kings,82,0,Ravindra Jadeja
152,2016,Chandigarh,Wankhede Stadium,Mumbai Indians,Delhi Capitals,Mumbai Indians,bat,wickets,Delhi Capitals,0,1,Axar Patel
153,2017,Chandigarh,Wankhede Stadium,Chennai Super Kings,Mumbai Indians,Mumbai Indians,field,runs,Chennai Super Kings,0,1,MS Dhoni
154,2015,Chandigarh,M. Chinnaswamy Stadium,Royal Challengers Bangalore,Delhi Capitals,Delhi Capitals,field,runs,Royal Challengers Bangalore,12,0,Harshal Patel
155,2019,Chandigarh,M. Chinnaswamy Stadium,Chennai Super Kings,Royal Challengers Bangalore,Royal Challengers Bangalore,field,runs,Royal Challengers Bangalore,0,5,Glenn Maxwell
156,2015,Chennai,Sawai Mansingh Stadium,Chennai Super Kings,Kolkata Knight Riders,Kolkata Knight Riders,field,runs,Kolkata Knight Riders,90,0,Pat Cummins
157,2022,Bangalore,Wankhede Stadium,Delhi Capitals,Mumbai Indians,Delhi Capitals,field,runs,Delhi Capitals,27,0,Anrich Nortje
158,2015,Hyderabad,Eden Gardens,Delhi Capitals,Sunrisers Hyderabad,Sunrisers Hyderabad,field,runs,Sunrisers Hyderabad,8,0,Rashid Khan
159,2015,Hyderabad,Feroz Shah Kotla,Delhi Capitals,Chennai Super Kings,Chennai Super Kings,field,wickets,Delhi Capitals,0,3,Rishabh Pant
160,2016,Jaipur,Eden Gardens,Sunrisers Hyderabad,Punjab Kings,Punjab Kings,field,wickets,Punjab Kings,65,0,Kagiso Rabada
161,2016,Delhi,Feroz Shah Kotla,Royal Challengers Bangalore,Delhi Capitals,Royal Challengers Bangalore,field,runs,Delhi Capitals,57,0,Mitchell Marsh
162,2020,Chandigarh,M.A. Chidambaram Stadium,Punjab Kings,Rajasthan Royals,Punjab Kings,field,runs,Punjab Kings,0,6,Shikhar Dhawan
163,2021,Chennai,Rajiv Gandhi Stadium,Punjab Kings,Sunrisers Hyderabad,Sunrisers Hyderabad,bat,wickets,Sunrisers Hyderabad,0,1,Kane Williamson
164,2019,Delhi,Feroz Shah Kotla,Delhi Capitals,Chennai Super Kings,Delhi Capitals,bat,runs,Delhi Capitals,40,0,Prithvi Shaw
165,2015,Chandigarh,Wankhede Stadium,Mumbai Indians,Punjab Kings,Punjab Kings,bat,wickets,Punjab Kings,0,7,Liam Livingstone
166,2015,Chennai,Eden Gardens,Sunrisers Hyderabad,Mumbai Indians,Sunrisers Hyderabad,bat,wickets,Mumbai Indians,0,4,Hardik Pandya
167,2017,Delhi,M.A. Chidambaram Stadium,Kolkata Knight Riders,Delhi Capitals,Kolkata Knight Riders,bat,wickets,Kolkata Knight Riders,0,8,Andre Russell
168,2016,Hyderabad,Wankhede Stadium,Mumbai Indians,Kolkata Knight Riders,Mumbai Indians,field,runs,Mumbai Indians,84,0,Hardik Pandya
169,2019,Hyderabad,M.A. Chidambaram Stadium,Rajasthan Royals,Chennai Super Kings,Rajasthan Royals,bat,wickets,Rajasthan Royals,56,0,Yuzvendra Chahal
170,2020,Bangalore,Rajiv Gandhi Stadium,Rajasthan Royals,Mumbai Indians,Mumbai Indians,field,runs,Rajasthan Royals,49,0,Jos Buttler
171,2021,Mumbai,Punjab Cricket Association Stadium,Mumbai Indians,Sunrisers Hyderabad,Sunrisers Hyderabad,bat,wickets,Mumbai Indians,0,2,Suryakumar Yadav
172,2018,Bangalore,Eden Gardens,Delhi Capitals,Rajasthan Royals,Rajasthan Royals,field,wickets,Rajasthan Royals,0,2,Shimron Hetmyer
173,2021,Kolkata,Sawai Mansingh Stadium,Kolkata Knight Riders,Delhi Capitals,Kolkata Knight Riders,field,runs,Delhi Capitals,49,0,Mitchell Marsh
174,2022,Bangalore,Eden Gardens,Kolkata Knight Riders,Chennai Super Kings,Chennai Super Kings,field,runs,Kolkata Knight Riders,0,5,Shubman Gill
175,2015,,M. Chinnaswamy Stadium,Sunrisers Hyderabad,Chennai Super Kings,Chennai Super Kings,field,runs,Sunrisers Hyderabad,0,8,Kane Williamson
176,2020,Jaipur,Rajiv Gandhi Stadium,Kolkata Knight Riders,Royal Challengers Bangalore,Royal Challengers Bangalore,bat,wickets,Kolkata Knight Riders,8,0,Shubman Gill
177,2022,Delhi,Eden Gardens,Rajasthan Royals,Royal Challengers Bangalore,Rajasthan Royals,field,runs,Royal Challengers Bangalore,43,0,Virat Kohli
178,2019,Jaipur,M. Chinnaswamy Stadium,Royal Challengers Bangalore,Sunrisers Hyderabad,Royal Challengers Bangalore,bat,wickets,Sunrisers Hyderabad,20,0,Rashid Khan
179,2018,Mumbai,Sawai Mansingh Stadium,Delhi Capitals,Rajasthan Royals,Delhi Capitals,field,runs,Delhi Capitals,97,0,Anrich Nortje
180,2016,Kolkata,Feroz Shah Kotla,Kolkata Knight Riders,Sunrisers Hyderabad,Sunrisers Hyderabad,bat,wickets,Kolkata Knight Riders,90,0,Andre Russell
181,2020,Delhi,M.A. Chidambaram Stadium,Sunrisers Hyderabad,Mumbai Indians,Mumbai Indians,field,wickets,Sunrisers Hyderabad,0,7,Nicholas Pooran
182,2020,Chennai,Sawai Mansingh Stadium,Rajasthan Royals,Mumbai Indians,Mumbai Indians,field,wickets,Rajasthan Royals,85,0,Yuzvendra Chahal
183,2015,Chandigarh,Wankhede Stadium,Royal Challengers Bangalore,Sunrisers Hyderabad,Royal Challengers Bangalore,bat,wickets,Royal Challengers Bangalore,49,0,Glenn Maxwell
184,2023,Kolkata,Rajiv Gandhi Stadium,Chennai Super Kings,Rajasthan Royals,Chennai Super Kings,bat,runs,Rajasthan Royals,0,8,Jos Buttler
185,2020,Hyderabad,Feroz Shah Kotla,Chennai Super Kings,Sunrisers Hyderabad,Sunrisers Hyderabad,bat,runs,Sunrisers Hyderabad,62,0,Kane Williamson
186,2017,Mumbai,Wankhede Stadium,Royal Challengers Bangalore,Rajasthan Royals,Royal Challengers Bangalore,bat,wickets,Rajasthan Royals,54,0,Yuzvendra Chahal
187,2018,Kolkata,Wankhede Stadium,Rajasthan Royals,Sunrisers Hyderabad,Rajasthan Royals,field,runs,Sunrisers Hyderabad,9,0,Bhuvneshwar Kumar
188,2018,Chandigarh,Rajiv Gandhi Stadium,Sunrisers Hyderabad,Punjab Kings,Sunrisers Hyderabad,bat,runs,Sunrisers Hyderabad,88,0,Bhuvneshwar Kumar
189,2017,Bangalore,Feroz Shah Kotla,Royal Challengers Bangalore,Delhi Capitals,Royal Challengers Bangalore,bat,runs,Delhi Capitals,37,0,Rishabh Pant
190,2017,Kolkata,Punjab Cricket Association Stadium,Delhi Capitals,Rajasthan Royals,Rajasthan Royals,bat,runs,Delhi Capitals,49,0,Rishabh Pant
191,2017,Bangalore,Wankhede Stadium,Delhi Capitals,Royal Challengers Bangalore,Delhi Capitals,field,runs,Royal Challengers Bangalore,0,6,Glenn Maxwell
192,2018,Chandigarh,Wankhede Stadium,Chennai Super Kings,Rajasthan Royals,Chennai Super Kings,bat,wickets,Rajasthan Royals,17,0,Shimron Hetmyer
193,2021,Hyderabad,Feroz Shah Kotla,Kolkata Knight Riders,Rajasthan Royals,Kolkata Knight Riders,bat,runs,Rajasthan Royals,0,1,Jos Buttler
194,2018,Delhi,Eden Gardens,Sunrisers Hyderabad,Rajasthan Royals,Sunrisers Hyderabad,bat,wickets,Rajasthan Royals,0,7,Trent Boult
195,2023,Chennai,Wankhede Stadium,Chennai Super Kings,Punjab Kings,Punjab Kings,field,runs,Chennai Super Kings,0,8,MS Dhoni
196,2015,Hyderabad,M.A. Chidambaram Stadium,Kolkata Knight Riders,Punjab Kings,Punjab Kings,field,wickets,Punjab Kings,0,2,Kagiso Rabada
197,2022,Bangalore,Feroz Shah Kotla,Kolkata Knight Riders,Mumbai Indians,Kolkata Knight Riders,bat,runs,Kolkata Knight Riders,0,8,Andre Russell
198,2021,Bangalore,Wankhede Stadium,Punjab Kings,Rajasthan Royals,Punjab Kings,bat,wickets,Rajasthan Royals,55,0,Yuzvendra Chahal
199,2016,Chennai,Rajiv Gandhi Stadium,Delhi Capitals,Royal Challengers Bangalore,Delhi Capitals,field,wickets,Royal Challengers Bangalore,41,0,Dinesh Karthik
200,2022,Delhi,Sawai Mansingh Stadium,Rajasthan Royals,Royal Challengers Bangalore,Rajasthan Royals,field,runs,Royal Challengers Bangalore,39,0,Dinesh Karthik
201,2015,Kolkata,M.A. Chidambaram Stadium,Mumbai Indians,Punjab Kings,Mumbai Indians,bat,wickets,Mumbai Indians,0,9,Rohit Sharma
202,2023,,M. Chinnaswamy Stadium,Rajasthan Royals,Delhi Capitals,Rajasthan Royals,field,tie,Rajasthan Royals,64,0,Yuzvendra Chahal
203,2023,Mumbai,M. Chinnaswamy Stadium,Mumbai Indians,Delhi Capitals,Delhi Capitals,field,wickets,Delhi Capitals,11,0,Mitchell Marsh
204,2016,Mumbai,Sawai Mansingh Stadium,Royal Challengers Bangalore,Punjab Kings,Royal Challengers Bangalore,bat,wickets,Punjab Kings,19,0,Liam Livingstone
205,2021,Chandigarh,M. Chinnaswamy Stadium,Delhi Capitals,Rajasthan Royals,Rajasthan Royals,field,runs,Delhi Capitals,0,9,Axar Patel
206,2017,Hyderabad,Sawai Mansingh Stadium,Kolkata Knight Riders,Chennai Super Kings,Chennai Super Kings,field,wickets,Chennai Super Kings,0,2,
207,2021,Bangalore,Wankhede Stadium,Sunrisers Hyderabad,Kolkata Knight Riders,Sunrisers Hyderabad,field,runs,Kolkata Knight Riders,0,4,Andre Russell
208,2023,Delhi,M.A. Chidambaram Stadium,Mumbai Indians,Delhi Capitals,Delhi Capitals,bat,runs,Mumbai Indians,0,4,Ishan Kishan
209,2018,Chandigarh,M.A. Chidambaram Stadium,Rajasthan Royals,Royal Challengers Bangalore,Royal Challengers Bangalore,bat,tie,Rajasthan Royals,0,2,Sanju Samson
210,2015,Hyderabad,Eden Gardens,Kolkata Knight Riders,Delhi Capitals,Delhi Capitals,field,runs,Delhi Capitals,40,0,Axar Patel
211,2016,Hyderabad,Sawai Mansingh Stadium,Mumbai Indians,Punjab Kings,Punjab Kings,field,wickets,Mumbai Indians,0,3,Ishan Kishan
212,2015,Chandigarh,M.A. Chidambaram Stadium,Mumbai Indians,Rajasthan Royals,Rajasthan Royals,field,wickets,Mumbai Indians,0,1,Rohit Sharma
213,2019,Jaipur,Eden Gardens,Punjab Kings,Sunrisers Hyderabad,Sunrisers Hyderabad,field,wickets,Sunrisers Hyderabad,0,6,Rashid Khan
214,2019,Hyderabad,Feroz Shah Kotla,Mumbai Indians,Chennai Super Kings,Mumbai Indians,field,tie,Mumbai Indians,0,8,Jasprit Bumrah
215,2021,,Eden Gardens,Sunrisers Hyderabad,Rajasthan Royals,Rajasthan Royals,field,runs,Sunrisers Hyderabad,0,3,Bhuvneshwar Kumar
216,2023,Mumbai,Rajiv Gandhi Stadium,Delhi Capitals,Rajasthan Royals,Rajasthan Royals,bat,runs,Rajasthan Royals,0,5,Shimron Hetmyer
217,2023,Mumbai,Punjab Cricket Association Stadium,Sunrisers Hyderabad,Royal Challengers Bangalore,Royal Challengers Bangalore,bat,runs,Royal Challengers Bangalore,0,1,Glenn Maxwell
218,2017,Hyderabad,Wankhede Stadium,Chennai Super Kings,Rajasthan Royals,Chennai Super Kings,field,runs,Rajasthan Royals,33,0,Trent Boult
219,2017,Mumbai,Feroz Shah Kotla,Kolkata Knight Riders,Mumbai Indians,Mumbai Indians,bat,runs,Kolkata Knight Riders,45,0,Pat Cummins
220,2017,Delhi,Punjab Cricket Association Stadium,Delhi Capitals,Chennai Super Kings,Delhi Capitals,field,runs,Chennai Super Kings,0,9,Ruturaj Gaikwad
221,2018,Jaipur,Punjab Cricket Association Stadium,Punjab Kings,Rajasthan Royals,Rajasthan Royals,bat,wickets,Punjab Kings,0,8,KL Rahul
222,2022,Jaipur,Feroz Shah Kotla,Delhi Capitals,Royal Challengers Bangalore,Delhi Capitals,bat,wickets,Delhi Capitals,69,0,Axar Patel
223,2020,Hyderabad,Rajiv Gandhi Stadium,Delhi Capitals,Chennai Super Kings,Delhi Capitals,bat,runs,Chennai Super Kings,0,7,Ravindra Jadeja
224,2022,Mumbai,Eden Gardens,Rajasthan Royals,Royal Challengers Bangalore,Royal Challengers Bangalore,field,wickets,Rajasthan Royals,0,5,Sanju Samson
225,2015,Chennai,Wankhede Stadium,Delhi Capitals,Sunrisers Hyderabad,Sunrisers Hyderabad,field,runs,Sunrisers Hyderabad,91,0,Bhuvneshwar Kumar
226,2022,Bangalore,Eden Gardens,Punjab Kings,Kolkata Knight Riders,Punjab Kings,bat,runs,Punjab Kings,0,5,Shikhar Dhawan
227,2018,Chandigarh,M.A. Chidambaram Stadium,Sunrisers Hyderabad,Delhi Capitals,Delhi Capitals,field,wickets,Sunrisers Hyderabad,87,0,Rashid Khan
228,2015,Chandigarh,Eden Gardens,Delhi Capitals,Rajasthan Royals,Delhi Capitals,field,wickets,Rajasthan Royals,30,0,Trent Boult
229,2022,Jaipur,M. Chinnaswamy Stadium,Royal Challengers Bangalore,Chennai Super Kings,Royal Challengers Bangalore,field,wickets,Chennai Super Kings,0,1,Ambati Rayudu
230,2018,Hyderabad,Feroz Shah Kotla,Kolkata Knight Riders,Rajasthan Royals,Kolkata Knight Riders,bat,runs,Rajasthan Royals,0,4,Jos Buttler
231,2020,Hyderabad,Wankhede Stadium,Delhi Capitals,Kolkata Knight Riders,Delhi Capitals,field,wickets,Kolkata Knight Riders,49,0,Venkatesh Iyer
232,2022,Delhi,Eden Gardens,Kolkata Knight Riders,Royal Challengers Bangalore,Kolkata Knight Riders,field,wickets,Royal Challengers Bangalore,0,9,Dinesh Karthik
233,2018,Kolkata,Wankhede Stadium,Royal Challengers Bangalore,Delhi Capitals,Delhi Capitals,bat,wickets,Delhi Capitals,0,5,Mitchell Marsh
234,2017,Bangalore,Wankhede Stadium,Royal Challengers Bangalore,Mumbai Indians,Royal Challengers Bangalore,bat,wickets,Royal Challengers Bangalore,82,0,Faf du Plessis
235,2023,Kolkata,M.A. Chidambaram Stadium,Kolkata Knight Riders,Delhi Capitals,Kolkata Knight Riders,field,wickets,Delhi Capitals,18,0,Mitchell Marsh
236,2017,Jaipur,M.A. Chidambaram Stadium,Mumbai Indians,Chennai Super Kings,Chennai Super Kings,field,wickets,Chennai Super Kings,0,3,Ambati Rayudu
237,2023,,Feroz Shah Kotla,Chennai Super Kings,Delhi Capitals,Chennai Super Kings,bat,wickets,Chennai Super Kings,68,0,Ambati Rayudu
238,2016,Delhi,Rajiv Gandhi Stadium,Rajasthan Royals,Punjab Kings,Punjab Kings,field,tie,Punjab Kings,0,1,Shikhar Dhawan
239,2016,Delhi,M. Chinnaswamy Stadium,Mumbai Indians,Chennai Super Kings,Chennai Super Kings,field,wickets,Mumbai Indians,33,0,Suryakumar Yadav
240,2016,Delhi,Punjab Cricket Association Stadium,Mumbai Indians,Royal Challengers Bangalore,Royal Challengers Bangalore,field,runs,Mumbai Indians,36,0,Hardik Pandya
241,2020,Jaipur,Wankhede Stadium,Sunrisers Hyderabad,Rajasthan Royals,Sunrisers Hyderabad,field,wickets,Sunrisers Hyderabad,82,0,David Warner
242,2017,Kolkata,Rajiv Gandhi Stadium,Rajasthan Royals,Sunrisers Hyderabad,Rajasthan Royals,field,runs,Sunrisers Hyderabad,0,9,Bhuvneshwar Kumar
243,2023,Chandigarh,Punjab Cricket Association Stadium,Rajasthan Royals,Delhi Capitals,Rajasthan Royals,field,runs,Delhi Capitals,28,0,Prithvi Shaw
244,2018,Delhi,Punjab Cricket Association Stadium,Mumbai Indians,Rajasthan Royals,Rajasthan Royals,bat,wickets,Rajasthan Royals,0,2,Shimron Hetmyer
245,2015,Chandigarh,M. Chinnaswamy Stadium,Delhi Capitals,Royal Challengers Bangalore,Delhi Capitals,bat,wickets,Delhi Capitals,84,0,Anrich Nortje
246,2018,Mumbai,Feroz Shah Kotla,Sunrisers Hyderabad,Punjab Kings,Punjab Kings,field,wickets,Punjab Kings,0,9,Kagiso Rabada
247,2015,Hyderabad,Punjab Cricket Association Stadium,Sunrisers Hyderabad,Kolkata Knight Riders,Sunrisers Hyderabad,field,runs,Kolkata Knight Riders,0,7,Pat Cummins
248,2019,,M. Chinnaswamy Stadium,Royal Challengers Bangalore,Sunrisers Hyderabad,Sunrisers Hyderabad,bat,wickets,Royal Challengers Bangalore,0,9,Glenn Maxwell
249,2018,Chandigarh,Punjab Cricket Association Stadium,Punjab Kings,Royal Challengers Bangalore,Punjab Kings,field,runs,Royal Challengers Bangalore,41,0,Dinesh Karthik
250,2022,Chennai,Wankhede Stadium,Rajasthan Royals,Royal Challengers Bangalore,Rajasthan Royals,field,tie,Royal Challengers Bangalore,39,0,Faf du Plessis
251,2022,Chennai,Wankhede Stadium,Mumbai Indians,Chennai Super Kings,Mumbai Indians,field,tie,Chennai Super Kings,0,4,Ambati Rayudu
252,2021,Jaipur,Sawai Mansingh Stadium,Royal Challengers Bangalore,Rajasthan Royals,Rajasthan Royals,field,wickets,Royal Challengers Bangalore,0,2,Dinesh Karthik
253,2017,Jaipur,Rajiv Gandhi Stadium,Kolkata Knight Riders,Chennai Super Kings,Chennai Super Kings,field,wickets,Chennai Super Kings,29,0,Deepak Chahar
254,2015,Hyderabad,Eden Gardens,Chennai Super Kings,Royal Challengers Bangalore,Chennai Super Kings,bat,wickets,Chennai Super Kings,0,9,Ravindra Jadeja
255,2015,Mumbai,M. Chinnaswamy Stadium,Punjab Kings,Delhi Capitals,Punjab Kings,bat,wickets,Punjab Kings,0,6,Shikhar Dhawan
256,2017,,M.A. Chidambaram Stadium,Punjab Kings,Rajasthan Royals,Rajasthan Royals,bat,runs,Rajasthan Royals,51,0,Jos Buttler
257,2020,Kolkata,M. Chinnaswamy Stadium,Punjab Kings,Chennai Super Kings,Chennai Super Kings,bat,wickets,Punjab Kings,75,0,Jonny Bairstow
258,2021,Kolkata,Eden Gardens,Sunrisers Hyderabad,Kolkata Knight Riders,Kolkata Knight Riders,field,wickets,Kolkata Knight Riders,77,0,Sunil Narine
259,2020,Jaipur,Rajiv Gandhi Stadium,Kolkata Knight Riders,Chennai Super Kings,Kolkata Knight Riders,field,wickets,Chennai Super Kings,0,1,Deepak Chahar
260,2020,Mumbai,M.A. Chidambaram Stadium,Punjab Kings,Delhi Capitals,Delhi Capitals,bat,runs,Punjab Kings,0,4,Shikhar Dhawan
261,2020,Jaipur,Eden Gardens,Kolkata Knight Riders,Chennai Super Kings,Kolkata Knight Riders,field,wickets,Kolkata Knight Riders,82,0,Pat Cummins
262,2017,Bangalore,Sawai Mansingh Stadium,Delhi Capitals,Kolkata Knight Riders,Kolkata Knight Riders,bat,runs,Delhi Capitals,51,0,Rishabh Pant
263,2020,Kolkata,M.A. Chidambaram Stadium,Punjab Kings,Mumbai Indians,Punjab Kings,field,wickets,Punjab Kings,73,0,Jonny Bairstow
264,2022,Chandigarh,Wankhede Stadium,Chennai Super Kings,Punjab Kings,Punjab Kings,field,wickets,Punjab Kings,39,0,Shikhar Dhawan
265,2016,Jaipur,Eden Gardens,Kolkata Knight Riders,Sunrisers Hyderabad,Sunrisers Hyderabad,bat,wickets,Sunrisers Hyderabad,0,8,David Warner
266,2019,Delhi,M. Chinnaswamy Stadium,Kolkata Knight Riders,Mumbai Indians,Mumbai Indians,field,wickets,Mumbai Indians,3,0,Rohit Sharma
267,2015,Chandigarh,M.A. Chidambaram Stadium,Chennai Super Kings,Mumbai Indians,Mumbai Indians,bat,runs,Mumbai Indians,0,4,Hardik Pandya
268,2015,Bangalore,Sawai Mansingh Stadium,Punjab Kings,Mumbai Indians,Mumbai Indians,field,runs,Mumbai Indians,0,2,Hardik Pandya
269,2019,Bangalore,M. Chinnaswamy Stadium,Chennai Super Kings,Kolkata Knight Riders,Chennai Super Kings,field,wickets,Kolkata Knight Riders,27,0,Venkatesh Iyer
270,2017,Jaipur,Punjab Cricket Association Stadium,Kolkata Knight Riders,Punjab Kings,Punjab Kings,bat,wickets,Punjab Kings,0,6,Shikhar Dhawan
271,2018,Hyderabad,M.A. Chidambaram Stadium,Chennai Super Kings,Rajasthan Royals,Rajasthan Royals,field,runs,Rajasthan Royals,0,5,Shimron Hetmyer
272,2017,Jaipur,M.A. Chidambaram Stadium,Kolkata Knight Riders,Punjab Kings,Punjab Kings,bat,wickets,Kolkata Knight Riders,38,0,Venkatesh Iyer
273,2015,Hyderabad,Sawai Mansingh Stadium,Kolkata Knight Riders,Royal Challengers Bangalore,Kolkata Knight Riders,bat,wickets,Kolkata Knight Riders,0,6,Andre Russell
274,2015,Bangalore,Punjab Cricket Association Stadium,Delhi Capitals,Rajasthan Royals,Rajasthan Royals,field,wickets,Rajasthan Royals,16,0,Sanju Samson
275,2019,Mumbai,Eden Gardens,Mumbai Indians,Punjab Kings,Mumbai Indians,bat,wickets,Mumbai Indians,0,1,Hardik Pandya
276,2020,Bangalore,Feroz Shah Kotla,Kolkata Knight Riders,Mumbai Indians,Mumbai Indians,field,runs,Kolkata Knight Riders,40,0,Venkatesh Iyer
277,2017,Kolkata,Eden Gardens,Punjab Kings,Delhi Capitals,Delhi Capitals,field,runs,Delhi Capitals,0,5,Rishabh Pant
278,2023,Chandigarh,Punjab Cricket Association Stadium,Royal Challengers Bangalore,Rajasthan Royals,Royal Challengers Bangalore,field,wickets,Royal Challengers Bangalore,0,3,Virat Kohli
279,2019,,Rajiv Gandhi Stadium,Sunrisers Hyderabad,Kolkata Knight Riders,Kolkata Knight Riders,bat,wickets,Sunrisers Hyderabad,41,0,Nicholas Pooran
280,2022,Chennai,M. Chinnaswamy Stadium,Rajasthan Royals,Kolkata Knight Riders,Rajasthan Royals,field,wickets,Rajasthan Royals,12,0,Shimron Hetmyer
281,2015,,Sawai Mansingh Stadium,Mumbai Indians,Royal Challengers Bangalore,Mumbai Indians,field,wickets,Royal Challengers Bangalore,0,6,Dinesh Karthik
282,2019,Bangalore,Eden Gardens,Mumbai Indians,Rajasthan Royals,Rajasthan Royals,bat,wickets,Mumbai Indians,0,6,Ishan Kishan
283,2017,Kolkata,M.A. Chidambaram Stadium,Mumbai Indians,Sunrisers Hyderabad,Mumbai Indians,field,tie,Sunrisers Hyderabad,55,0,Rashid Khan
284,2015,Chennai,Sawai Mansingh Stadium,Delhi Capitals,Royal Challengers Bangalore,Royal Challengers Bangalore,field,wickets,Delhi Capitals,45,0,Mitchell Marsh
285,2018,Chandigarh,Wankhede Stadium,Kolkata Knight Riders,Mumbai Indians,Mumbai Indians,field,wickets,Kolkata Knight Riders,79,0,Andre Russell
286,2019,Jaipur,Punjab Cricket Association Stadium,Delhi Capitals,Chennai Super Kings,Delhi Capitals,field,runs,Delhi Capitals,90,0,Mitchell Marsh
287,2021,Mumbai,M. Chinnaswamy Stadium,Kolkata Knight Riders,Delhi Capitals,Kolkata Knight Riders,field,runs,Kolkata Knight Riders,0,8,Shubman Gill
288,2015,Mumbai,Eden Gardens,Punjab Kings,Royal Challengers Bangalore,Punjab Kings,field,wickets,Punjab Kings,0,2,Kagiso Rabada
289,2017,Kolkata,Sawai Mansingh Stadium,Delhi Capitals,Royal Challengers Bangalore,Delhi Capitals,field,runs,Royal Challengers Bangalore,49,0,Dinesh Karthik
290,2016,Bangalore,M. Chinnaswamy Stadium,Delhi Capitals,Mumbai Indians,Mumbai Indians,field,wickets,Mumbai Indians,0,1,Hardik Pandya
291,2023,Chennai,Eden Gardens,Sunrisers Hyderabad,Rajasthan Royals,Rajasthan Royals,bat,wickets,Sunrisers Hyderabad,0,4,David Warner
292,2020,Jaipur,Sawai Mansingh Stadium,Royal Challengers Bangalore,Delhi Capitals,Royal Challengers Bangalore,bat,wickets,Delhi Capitals,23,0,Rishabh Pant
293,2017,Mumbai,M.A. Chidambaram Stadium,Delhi Capitals,Sunrisers Hyderabad,Sunrisers Hyderabad,field,runs,Sunrisers Hyderabad,24,0,Kane Williamson
294,2022,Mumbai,Wankhede Stadium,Sunrisers Hyderabad,Royal Challengers Bangalore,Royal Challengers Bangalore,bat,runs,Royal Challengers Bangalore,38,0,Glenn Maxwell
295,2022,Delhi,Wankhede Stadium,Chennai Super Kings,Mumbai Indians,Mumbai Indians,field,runs,Mumbai Indians,28,0,Ishan Kishan
296,2016,Bangalore,Rajiv Gandhi Stadium,Royal Challengers Bangalore,Sunrisers Hyderabad,Sunrisers Hyderabad,bat,runs,Royal Challengers Bangalore,21,0,Glenn Maxwell
297,2020,Delhi,Sawai Mansingh Stadium,Punjab Kings,Sunrisers Hyderabad,Punjab Kings,bat,runs,Punjab Kings,0,6,Kagiso Rabada
298,2021,Chandigarh,Eden Gardens,Delhi Capitals,Kolkata Knight Riders,Delhi Capitals,field,wickets,Delhi Capitals,0,4,Prithvi Shaw
299,2016,Mumbai,Wankhede Stadium,Rajasthan Royals,Sunrisers Hyderabad,Sunrisers Hyderabad,field,wickets,Rajasthan Royals,0,8,Jos Buttler
300,2016,Kolkata,Punjab Cricket Association Stadium,Mumbai Indians,Kolkata Knight Riders,Mumbai Indians,bat,wickets,Kolkata Knight Riders,0,9,Sunil Narine
301,2015,Hyderabad,Wankhede Stadium,Chennai Super Kings,Sunrisers Hyderabad,Chennai Super Kings,field,wickets,Sunrisers Hyderabad,45,0,Bhuvneshwar Kumar
302,2022,Hyderabad,Feroz Shah Kotla,Chennai Super Kings,Sunrisers Hyderabad,Chennai Super Kings,field,runs,Chennai Super Kings,0,6,MS Dhoni
303,2015,Jaipur,Feroz Shah Kotla,Punjab Kings,Delhi Capitals,Delhi Capitals,bat,wickets,Delhi Capitals,0,1,Rishabh Pant
304,2023,Mumbai,Wankhede Stadium,Sunrisers Hyderabad,Royal Challengers Bangalore,Royal Challengers Bangalore,field,wickets,Sunrisers Hyderabad,0,4,Nicholas Pooran
305,2020,Mumbai,Sawai Mansingh Stadium,Chennai Super Kings,Kolkata Knight Riders,Kolkata Knight Riders,bat,runs,Chennai Super Kings,0,7,Deepak Chahar
306,2021,Chandigarh,Rajiv Gandhi Stadium,Royal Challengers Bangalore,Rajasthan Royals,Royal Challengers Bangalore,bat,wickets,Rajasthan Royals,0,1,Shimron Hetmyer
307,2021,Mumbai,Wankhede Stadium,Delhi Capitals,Chennai Super Kings,Chennai Super Kings,field,runs,Delhi Capitals,0,8,Prithvi Shaw
308,2017,Kolkata,M.A. Chidambaram Stadium,Delhi Capitals,Rajasthan Royals,Rajasthan Royals,bat,wickets,Delhi Capitals,0,6,Anrich Nortje
309,2016,Delhi,M. Chinnaswamy Stadium,Rajasthan Royals,Kolkata Knight Riders,Rajasthan Royals,field,tie,Rajasthan Royals,0,5,Shimron Hetmyer
310,2023,Mumbai,Eden Gardens,Punjab Kings,Mumbai Indians,Mumbai Indians,field,runs,Mumbai Indians,0,9,Rohit Sharma
311,2022,Mumbai,Rajiv Gandhi Stadium,Mumbai Indians,Sunrisers Hyderabad,Sunrisers Hyderabad,bat,wickets,Sunrisers Hyderabad,44,0,Rashid Khan
312,2021,Chandigarh,M.A. Chidambaram Stadium,Sunrisers Hyderabad,Chennai Super Kings,Sunrisers Hyderabad,field,wickets,Sunrisers Hyderabad,0,5,Rashid Khan
313,2023,Bangalore,Rajiv Gandhi Stadium,Mumbai Indians,Chennai Super Kings,Mumbai Indians,field,tie,Chennai Super Kings,0,6,Deepak Chahar
314,2018,Chennai,M.A. Chidambaram Stadium,Chennai Super Kings,Royal Challengers Bangalore,Chennai Super Kings,bat,wickets,Royal Challengers Bangalore,63,0,
315,2018,Bangalore,Eden Gardens,Punjab Kings,Rajasthan Royals,Rajasthan Royals,field,wickets,Punjab Kings,0,5,KL Rahul
316,2015,Chandigarh,Eden Gardens,Rajasthan Royals,Sunrisers Hyderabad,Sunrisers Hyderabad,field,runs,Sunrisers Hyderabad,75,0,Kane Williamson
317,2022,Bangalore,Feroz Shah Kotla,Mumbai Indians,Kolkata Knight Riders,Kolkata Knight Riders,field,runs,Mumbai Indians,48,0,Jasprit Bumrah
318,2017,Chandigarh,Sawai Mansingh Stadium,Royal Challengers Bangalore,Sunrisers Hyderabad,Royal Challengers Bangalore,field,runs,Royal Challengers Bangalore,0,7,Dinesh Karthik
319,2021,Kolkata,M.A. Chidambaram Stadium,Delhi Capitals,Rajasthan Royals,Delhi Capitals,bat,tie,Delhi Capitals,57,0,Mitchell Marsh
320,2016,Jaipur,M. Chinnaswamy Stadium,Chennai Super Kings,Mumbai Indians,Mumbai Indians,field,wickets,Mumbai Indians,0,4,Rohit Sharma
321,2016,Mumbai,Feroz Shah Kotla,Rajasthan Royals,Punjab Kings,Punjab Kings,field,wickets,Rajasthan Royals,24,0,Shimron Hetmyer
322,2021,Chandigarh,M.A. Chidambaram Stadium,Mumbai Indians,Punjab Kings,Mumbai Indians,field,wickets,Punjab Kings,0,5,Liam Livingstone
323,2020,Chandigarh,Feroz Shah Kotla,Sunrisers Hyderabad,Punjab Kings,Sunrisers Hyderabad,field,runs,Punjab Kings,34,0,Shikhar Dhawan
324,2017,Chennai,Eden Gardens,Royal Challengers Bangalore,Mumbai Indians,Royal Challengers Bangalore,field,runs,Royal Challengers Bangalore,0,7,Faf du Plessis
325,2023,Chandigarh,Rajiv Gandhi Stadium,Royal Challengers Bangalore,Mumbai Indians,Royal Challengers Bangalore,field,runs,Mumbai Indians,28,0,Jasprit Bumrah
326,2020,Hyderabad,Punjab Cricket Association Stadium,Mumbai Indians,Chennai Super Kings,Chennai Super Kings,field,runs,Chennai Super Kings,37,0,Ambati Rayudu
327,2020,Jaipur,Feroz Shah Kotla,Delhi Capitals,Mumbai Indians,Delhi Capitals,field,runs,Delhi Capitals,0,9,Axar Patel
328,2015,Mumbai,M.A. Chidambaram Stadium,Mumbai Indians,Punjab Kings,Punjab Kings,field,wickets,Punjab Kings,0,8,Jonny Bairstow
329,2018,Mumbai,M.A. Chidambaram Stadium,Chennai Super Kings,Punjab Kings,Punjab Kings,field,runs,Punjab Kings,37,0,Kagiso Rabada
330,2020,Chennai,Punjab Cricket Association Stadium,Mumbai Indians,Royal Challengers Bangalore,Royal Challengers Bangalore,field,runs,Mumbai Indians,56,0,Suryakumar Yadav
331,2020,Kolkata,Sawai Mansingh Stadium,Royal Challengers Bangalore,Rajasthan Royals,Royal Challengers Bangalore,bat,runs,Royal Challengers Bangalore,0,9,Harshal Patel
332,2019,Mumbai,M. Chinnaswamy Stadium,Rajasthan Royals,Delhi Capitals,Rajasthan Royals,bat,runs,Rajasthan Royals,65,0,Yuzvendra Chahal
333,2015,Hyderabad,Eden Gardens,Mumbai Indians,Kolkata Knight Riders,Mumbai Indians,field,tie,Kolkata Knight Riders,47,0,Venkatesh Iyer
334,2022,Mumbai,M.A. Chidambaram Stadium,Delhi Capitals,Punjab Kings,Delhi Capitals,field,wickets,Punjab Kings,20,0,
335,2019,Hyderabad,Wankhede Stadium,Punjab Kings,Royal Challengers Bangalore,Royal Challengers Bangalore,field,tie,Royal Challengers Bangalore,0,4,Harshal Patel
336,2019,Jaipur,Rajiv Gandhi Stadium,Rajasthan Royals,Sunrisers Hyderabad,Rajasthan Royals,field,runs,Sunrisers Hyderabad,29,0,Nicholas Pooran
337,2021,Jaipur,Feroz Shah Kotla,Sunrisers Hyderabad,Rajasthan Royals,Sunrisers Hyderabad,field,runs,Sunrisers Hyderabad,0,3,Kane Williamson
338,2018,Delhi,Sawai Mansingh Stadium,Kolkata Knight Riders,Royal Challengers Bangalore,Royal Challengers Bangalore,field,wickets,Royal Challengers Bangalore,60,0,Faf du Plessis
339,2020,Delhi,M. Chinnaswamy Stadium,Mumbai Indians,Punjab Kings,Mumbai Indians,bat,runs,Punjab Kings,0,2,KL Rahul
340,2018,Hyderabad,Punjab Cricket Association Stadium,Delhi Capitals,Royal Challengers Bangalore,Royal Challengers Bangalore,field,runs,Delhi Capitals,0,2,Rishabh Pant
341,2017,Kolkata,Rajiv Gandhi Stadium,Rajasthan Royals,Chennai Super Kings,Chennai Super Kings,field,runs,Rajasthan Royals,35,0,Trent Boult
342,2021,Mumbai,Eden Gardens,Delhi Capitals,Kolkata Knight Riders,Kolkata Knight Riders,field,runs,Delhi Capitals,0,4,Axar Patel
343,2022,Chandigarh,Sawai Mansingh Stadium,Sunrisers Hyderabad,Punjab Kings,Punjab Kings,field,runs,Punjab Kings,95,0,Kagiso Rabada
344,2018,Mumbai,M. Chinnaswamy Stadium,Royal Challengers Bangalore,Punjab Kings,Punjab Kings,bat,runs,Punjab Kings,91,0,KL Rahul
345,2016,Delhi,Feroz Shah Kotla,Delhi Capitals,Sunrisers Hyderabad,Sunrisers Hyderabad,bat,wickets,Sunrisers Hyderabad,11,0,Kane Williamson
346,2017,Bangalore,Feroz Shah Kotla,Rajasthan Royals,Mumbai Indians,Mumbai Indians,bat,runs,Mumbai Indians,0,5,Ishan Kishan
347,2015,Chandigarh,Punjab Cricket Association Stadium,Delhi Capitals,Kolkata Knight Riders,Kolkata Knight Riders,field,runs,Delhi Capitals,38,0,Rishabh Pant
348,2022,Hyderabad,Wankhede Stadium,Delhi Capitals,Rajasthan Royals,Delhi Capitals,bat,wickets,Delhi Capitals,0,4,Prithvi Shaw
349,2017,Chandigarh,Punjab Cricket Association Stadium,Delhi Capitals,Punjab Kings,Delhi Capitals,field,runs,Delhi Capitals,0,2,Axar Patel
350,2021,Bangalore,Eden Gardens,Chennai Super Kings,Kolkata Knight Riders,Chennai Super Kings,field,runs,Chennai Super Kings,8,0,Ravindra Jadeja
351,2019,Mumbai,Sawai Mansingh Stadium,Chennai Super Kings,Delhi Capitals,Chennai Super Kings,bat,wickets,Delhi Capitals,0,9,Axar Patel
352,2019,Mumbai,Sawai Mansingh Stadium,Royal Challengers Bangalore,Sunrisers Hyderabad,Sunrisers Hyderabad,field,runs,Royal Challengers Bangalore,0,1,Dinesh Karthik
353,2021,Kolkata,M.A. Chidambaram Stadium,Mumbai Indians,Rajasthan Royals,Mumbai Indians,bat,runs,Rajasthan Royals,56,0,Trent Boult
354,2023,Chennai,Wankhede Stadium,Delhi Capitals,Mumbai Indians,Mumbai Indians,field,wickets,Delhi Capitals,0,9,Mitchell Marsh
355,2019,Chandigarh,Wankhede Stadium,Sunrisers Hyderabad,Mumbai Indians,Sunrisers Hyderabad,bat,runs,Sunrisers Hyderabad,0,9,
356,2015,Delhi,Sawai Mansingh Stadium,Mumbai Indians,Sunrisers Hyderabad,Mumbai Indians,field,wickets,Sunrisers Hyderabad,31,0,Kane Williamson
357,2015,Bangalore,Sawai Mansingh Stadium,Sunrisers Hyderabad,Delhi Capitals,Sunrisers Hyderabad,bat,wickets,Delhi Capitals,0,5,Prithvi Shaw
358,2016,Bangalore,Rajiv Gandhi Stadium,Mumbai Indians,Kolkata Knight Riders,Kolkata Knight Riders,field,runs,Mumbai Indians,50,0,Ishan Kishan
359,2020,Bangalore,M. Chinnaswamy Stadium,Royal Challengers Bangalore,Punjab Kings,Royal Challengers Bangalore,field,wickets,Punjab Kings,69,0,Jonny Bairstow
360,2023,Delhi,Rajiv Gandhi Stadium,Delhi Capitals,Mumbai Indians,Mumbai Indians,field,wickets,Mumbai Indians,30,0,Hardik Pandya
361,2022,Chennai,Rajiv Gandhi Stadium,Delhi Capitals,Rajasthan Royals,Rajasthan Royals,field,runs,Rajasthan Royals,88,0,Trent Boult
362,2019,Mumbai,Wankhede Stadium,Kolkata Knight Riders,Delhi Capitals,Kolkata Knight Riders,field,wickets,Kolkata Knight Riders,0,1,Pat Cummins
363,2015,Kolkata,M.A. Chidambaram Stadium,Sunrisers Hyderabad,Rajasthan Royals,Sunrisers Hyderabad,field,runs,Sunrisers Hyderabad,0,4,Bhuvneshwar Kumar
364,2021,Kolkata,Feroz Shah Kotla,Mumbai Indians,Royal Challengers Bangalore,Mumbai Indians,field,wickets,Mumbai Indians,75,0,Ishan Kishan
365,2019,Delhi,Rajiv Gandhi Stadium,Mumbai Indians,Royal Challengers Bangalore,Royal Challengers Bangalore,field,runs,Royal Challengers Bangalore,45,0,Glenn Maxwell
366,2020,Kolkata,M.A. Chidambaram Stadium,Punjab Kings,Delhi Capitals,Punjab Kings,field,wickets,Punjab Kings,4,0,Liam Livingstone
367,2021,Bangalore,Punjab Cricket Association Stadium,Punjab Kings,Royal Challengers Bangalore,Royal Challengers Bangalore,field,runs,Royal Challengers Bangalore,0,9,Glenn Maxwell
368,2017,,Eden Gardens,Chennai Super Kings,Royal Challengers Bangalore,Royal Challengers Bangalore,bat,wickets,Chennai Super Kings,0,9,MS Dhoni
369,2017,Chennai,Rajiv Gandhi Stadium,Kolkata Knight Riders,Mumbai Indians,Kolkata Knight Riders,bat,runs,Kolkata Knight Riders,0,2,Venkatesh Iyer
370,2019,Mumbai,Punjab Cricket Association Stadium,Rajasthan Royals,Sunrisers Hyderabad,Rajasthan Royals,field,runs,Sunrisers Hyderabad,64,0,Kane Williamson
371,2020,Jaipur,Feroz Shah Kotla,Punjab Kings,Sunrisers Hyderabad,Sunrisers Hyderabad,field,wickets,Sunrisers Hyderabad,0,2,Bhuvneshwar Kumar
372,2023,,Eden Gardens,Rajasthan Royals,Delhi Capitals,Delhi Capitals,field,wickets,Delhi Capitals,51,0,Prithvi Shaw
373,2019,Hyderabad,Eden Gardens,Chennai Super Kings,Punjab Kings,Punjab Kings,field,wickets,Punjab Kings,50,0,KL Rahul
374,2015,Chandigarh,Feroz Shah Kotla,Chennai Super Kings,Punjab Kings,Chennai Super Kings,field,wickets,Punjab Kings,0,4,Liam Livingstone
375,2018,Delhi,Rajiv Gandhi Stadium,Chennai Super Kings,Delhi Capitals,Delhi Capitals,bat,wickets,Chennai Super Kings,59,0,
376,2019,Bangalore,Wankhede Stadium,Sunrisers Hyderabad,Delhi Capitals,Sunrisers Hyderabad,bat,wickets,Sunrisers Hyderabad,0,8,Rashid Khan
377,2019,Kolkata,Feroz Shah Kotla,Sunrisers Hyderabad,Kolkata Knight Riders,Kolkata Knight Riders,bat,runs,Kolkata Knight Riders,30,0,Andre Russell
378,2021,Hyderabad,Feroz Shah Kotla,Royal Challengers Bangalore,Punjab Kings,Punjab Kings,field,wickets,Punjab Kings,42,0,Kagiso Rabada
379,2018,Kolkata,Feroz Shah Kotla,Royal Challengers Bangalore,Sunrisers Hyderabad,Royal Challengers Bangalore,field,wickets,Sunrisers Hyderabad,37,0,Bhuvneshwar Kumar
380,2015,Jaipur,Eden Gardens,Chennai Super Kings,Sunrisers Hyderabad,Sunrisers Hyderabad,bat,tie,Chennai Super Kings,42,0,MS Dhoni
381,2019,Mumbai,M. Chinnaswamy Stadium,Kolkata Knight Riders,Sunrisers Hyderabad,Kolkata Knight Riders,field,wickets,Sunrisers Hyderabad,0,2,David Warner
382,2021,Mumbai,M.A. Chidambaram Stadium,Mumbai Indians,Punjab Kings,Mumbai Indians,field,runs,Mumbai Indians,0,5,Suryakumar Yadav
383,2020,Mumbai,Punjab Cricket Association Stadium,Sunrisers Hyderabad,Kolkata Knight Riders,Kolkata Knight Riders,field,runs,Sunrisers Hyderabad,6,0,Nicholas Pooran
384,2019,Bangalore,Wankhede Stadium,Kolkata Knight Riders,Delhi Capitals,Kolkata Knight Riders,field,wickets,Kolkata Knight Riders,0,6,Shubman Gill
385,2018,Kolkata,Rajiv Gandhi Stadium,Delhi Capitals,Sunrisers Hyderabad,Delhi Capitals,bat,wickets,Delhi Capitals,0,6,Rishabh Pant
386,2016,Hyderabad,Rajiv Gandhi Stadium,Sunrisers Hyderabad,Chennai Super Kings,Chennai Super Kings,field,wickets,Chennai Super Kings,0,6,Deepak Chahar
387,2018,Mumbai,Punjab Cricket Association Stadium,Sunrisers Hyderabad,Royal Challengers Bangalore,Sunrisers Hyderabad,field,wickets,Sunrisers Hyderabad,29,0,Rashid Khan
388,2017,Hyderabad,M.A. Chidambaram Stadium,Royal Challengers Bangalore,Punjab Kings,Royal Challengers Bangalore,bat,wickets,Punjab Kings,0,3,Jonny Bairstow
389,2015,Kolkata,Feroz Shah Kotla,Mumbai Indians,Kolkata Knight Riders,Mumbai Indians,field,runs,Kolkata Knight Riders,59,0,Shubman Gill
390,2022,Bangalore,M. Chinnaswamy Stadium,Mumbai Indians,Kolkata Knight Riders,Kolkata Knight Riders,bat,wickets,Mumbai Indians,47,0,Hardik Pandya
391,2019,Jaipur,Wankhede Stadium,Punjab Kings,Kolkata Knight Riders,Punjab Kings,field,runs,Punjab Kings,0,1,KL Rahul
392,2018,Bangalore,Rajiv Gandhi Stadium,Rajasthan Royals,Kolkata Knight Riders,Kolkata Knight Riders,field,runs,Rajasthan Royals,0,1,Sanju Samson
393,2022,Hyderabad,Punjab Cricket Association Stadium,Rajasthan Royals,Chennai Super Kings,Chennai Super Kings,field,wickets,Chennai Super Kings,0,2,Deepak Chahar
394,2021,Bangalore,Sawai Mansingh Stadium,Rajasthan Royals,Royal Challengers Bangalore,Rajasthan Royals,field,wickets,Royal Challengers Bangalore,68,0,Harshal Patel
395,2016,Bangalore,M. Chinnaswamy Stadium,Rajasthan Royals,Royal Challengers Bangalore,Rajasthan Royals,bat,runs,Rajasthan Royals,0,9,Sanju Samson
396,2015,Jaipur,Punjab Cricket Association Stadium,Delhi Capitals,Sunrisers Hyderabad,Delhi Capitals,field,runs,Sunrisers Hyderabad,0,4,Kane Williamson
397,2018,Kolkata,M. Chinnaswamy Stadium,Delhi Capitals,Kolkata Knight Riders,Kolkata Knight Riders,bat,tie,Delhi Capitals,0,3,Rishabh Pant
398,2022,Kolkata,Rajiv Gandhi Stadium,Sunrisers Hyderabad,Royal Challengers Bangalore,Sunrisers Hyderabad,bat,runs,Sunrisers Hyderabad,13,0,Rashid Khan
399,2016,Delhi,Feroz Shah Kotla,Chennai Super Kings,Rajasthan Royals,Chennai Super Kings,field,wickets,Chennai Super Kings,0,9,MS Dhoni
400,2017,Bangalore,Sawai Mansingh Stadium,Royal Challengers Bangalore,Chennai Super Kings,Royal Challengers Bangalore,bat,wickets,Chennai Super Kings,86,0,MS Dhoni
